{"cameraMode":{"drawMode":0,"name":"Shaded","section":"Shading Mode"},"sceneLighting":false,"audioPlay":false,"sceneViewState":{"m_AlwaysRefresh":false,"showFog":true,"showSkybox":false,"showFlares":true,"showImageEffects":true,"showParticleSystems":true,"showVisualEffectGraphs":true,"m_FxEnabled":true},"in2DMode":false,"pivot":{"x":-18.290685653686525,"y":26.83313751220703,"z":3.080132484436035},"rotation":{"x":-0.026995183899998666,"y":-0.012902225367724896,"z":0.0003490396193228662,"w":-0.9995535016059876},"size":448.30120849609377,"orthographic":false}