{"cameraMode":{"drawMode":0,"name":"Shaded","section":"Shading Mode"},"sceneLighting":false,"audioPlay":false,"sceneViewState":{"m_AlwaysRefresh":false,"showFog":true,"showSkybox":false,"showFlares":true,"showImageEffects":true,"showParticleSystems":true,"showVisualEffectGraphs":true,"m_FxEnabled":true},"in2DMode":false,"pivot":{"x":195.95486450195313,"y":461.6111755371094,"z":-372.1849670410156},"rotation":{"x":0.04927981644868851,"y":0.0897691622376442,"z":-0.0044467877596616749,"w":0.994735836982727},"size":135.58616638183595,"orthographic":true}