{"cameraMode":{"drawMode":0,"name":"Shaded","section":"Shading Mode"},"sceneLighting":true,"audioPlay":false,"sceneViewState":{"m_AlwaysRefresh":false,"showFog":true,"showSkybox":true,"showFlares":true,"showImageEffects":true,"showParticleSystems":true,"showVisualEffectGraphs":true,"m_FxEnabled":true},"in2DMode":false,"pivot":{"x":108.33132934570313,"y":732.5228881835938,"z":-703.9486083984375},"rotation":{"x":-0.04197199270129204,"y":-0.02787916362285614,"z":0.001171315903775394,"w":-0.9987319111824036},"size":10.01500129699707,"orthographic":false}