{"cameraMode":{"drawMode":0,"name":"Shaded","section":"Shading Mode"},"sceneLighting":false,"audioPlay":false,"sceneViewState":{"m_AlwaysRefresh":false,"showFog":true,"showSkybox":false,"showFlares":true,"showImageEffects":true,"showParticleSystems":true,"showVisualEffectGraphs":true,"m_FxEnabled":true},"in2DMode":false,"pivot":{"x":241.7842254638672,"y":581.2742309570313,"z":-0.2632598578929901},"rotation":{"x":-0.05547221377491951,"y":-0.002403698628768325,"z":0.00013302078878041357,"w":-0.9984606504440308},"size":0.3587069511413574,"orthographic":false}