{"cameraMode":{"drawMode":0,"name":"Shaded","section":"Shading Mode"},"sceneLighting":false,"audioPlay":false,"sceneViewState":{"m_AlwaysRefresh":false,"showFog":true,"showSkybox":false,"showFlares":true,"showImageEffects":true,"showParticleSystems":true,"showVisualEffectGraphs":true,"m_FxEnabled":true},"in2DMode":false,"pivot":{"x":59.795204162597659,"y":451.4918518066406,"z":-168.62794494628907},"rotation":{"x":0.013487841933965683,"y":-0.041983943432569507,"z":0.0005669555393978953,"w":0.9990293979644775},"size":1.282893180847168,"orthographic":false}