{"cameraMode":{"drawMode":0,"name":"Shaded","section":"Shading Mode"},"sceneLighting":false,"audioPlay":false,"sceneViewState":{"m_AlwaysRefresh":false,"showFog":true,"showSkybox":false,"showFlares":true,"showImageEffects":true,"showParticleSystems":true,"showVisualEffectGraphs":true,"m_FxEnabled":true},"in2DMode":false,"pivot":{"x":239.06541442871095,"y":383.4454040527344,"z":-128.07044982910157},"rotation":{"x":0.0029992428608238699,"y":0.008092536590993405,"z":0.00002375687108724378,"w":-0.9999663829803467},"size":195.44102478027345,"orthographic":false}